"","faa","lat","lon"
"1","04G",41.1304722,-80.6195833
"2","06A",32.4605722,-85.6800278
"3","06C",41.9893408,-88.1012428
"4","06N",41.431912,-74.3915611
"5","09J",31.0744722,-81.4277778
"6","0A9",36.3712222,-82.1734167
"7","0G6",41.4673056,-84.5067778
"8","0G7",42.8835647,-76.7812318
"9","0P2",39.7948244,-76.6471914
"10","0S9",48.0538086,-122.8106436
"11","0W3",39.5668378,-76.2024028
"12","10C",42.4028889,-88.3751111
"13","17G",40.7815556,-82.9748056
"14","19A",34.1758638,-83.5615972
"15","1A3",35.0158056,-84.3468333
"16","1B9",42.0001331,-71.1967714
"17","1C9",54.0133333333333,-124.768333333333
"18","1CS",41.6959744,-88.1292306
"19","1G3",41.1513889,-81.4151111
"20","1G4",35.899904,-113.815674
"21","1H2",39.07,-88.534
"22","1OH",40.5553253,-84.3866186
"23","1RL",48.9797222,-123.0788889
"24","23M",32.0517,-88.4434
"25","24C",42.95392,-85.3439058
"26","24J",30.300125,-83.0246944
"27","25D",45.2477456,-92.9943853
"28","29D",41.1460278,-80.16775
"29","2A0",35.48625,-84.9310833
"30","2B2",42.7953611,-70.8394444
"31","2G2",40.3602179,-80.7008742
"32","2G9",40.0388708,-79.0149951
"33","2H0",39.410556,-88.845556
"34","2J9",30.5978708,-84.557425
"35","369",60.866667,-162.273056
"36","36U",40.4818056,-111.4288056
"37","38W",48.9558961,-122.4581183
"38","3D2",45.1354167,-87.1879444
"39","3G3",41.0031572,-81.7564401
"40","3G4",40.9029722,-82.2556389
"41","3J1",32.4934167,-80.99175
"42","3W2",41.3521,-82.497
"43","40J",30.0692778,-83.5805833
"44","41N",41.2111675,-80.9692572
"45","47A",34.3122175,-84.4221556
"46","49A",34.6282222,-84.5265833
"47","49X",34.528889,-114.431971
"48","4A4",34.0186944,-85.1464722
"49","4A7",33.389099,-84.332397
"50","4A9",34.4736944,-85.7213889
"51","4B8",41.6893333,-72.8646944
"52","4G0",40.4526389,-79.7749167
"53","4G2",42.7008925,-78.9147569
"54","4G4",40.9617953,-80.6773264
"55","4I7",39.6335556,-86.8138056
"56","4U9",44.7357483,-112.7200133
"57","52A",33.612125,-83.4604444
"58","54J",30.7311111,-86.1537778
"59","55J",30.6118333,-81.4611944
"60","55S",46.3625,-121.4067
"61","57C",42.7971667,-88.3726111
"62","5B2",43.050722,-73.861638
"63","60J",33.9085056,-78.4366722
"64","6A2",33.2269722,-84.2749444
"65","6J4",33.5561,-81.4768
"66","6K8",63.329444,-142.953611
"67","6S0",45.8063889,-109.9811111
"68","6S2",43.9828168,-124.1113687
"69","6Y8",45.721111,-85.520278
"70","70J",30.8879767,-84.1547353
"71","70N",41.3473569,-75.4158972
"72","7A4",42.4664444,-90.1693889
"73","7D9",41.7778322,-80.9039797
"74","7N7",39.7355633,-75.3977211
"75","8M8",44.8065278,-84.2761944
"76","93C",43.2833575,-90.2982819
"77","99N",33.3045278,-81.1084167
"78","9A1",33.6323083,-83.8474472
"79","9A5",34.6884792,-85.2903319
"80","9G1",40.6035463,-79.8261189
"81","A39",32.99169921875,-111.920997619629
"82","A50",38.87,-104.41
"83","AAF",29.7276066,-85.0274416
"84","AAP",29.43,-95.35
"85","ABE",40.652083,-75.440806
"86","ABI",32.411319,-99.681897
"87","ABL",67.106389,-157.8575
"88","ABQ",35.0402222,-106.6091944
"89","ABR",45.4491,-98.4218
"90","ABY",31.5355,-84.1945
"91","ACJ",32.0665,-84.1133
"92","ACK",41.253053,-70.060181
"93","ACT",31.611289,-97.230519
"94","ACV",40.978111,-124.108611
"95","ACY",39.457583,-74.577167
"96","ADK",51.878,-176.646
"97","ADM",34.300833,-97.008889
"98","ADQ",57.749967,-152.493856
"99","ADS",32.9685594,-96.8364478
"100","ADW",38.810806,-76.867028
"101","AET",66.5519,-152.6222
"102","AEX",31.3274,-92.549833
"103","AFE",56.961389,-133.910278
"104","AFW",32.987778,-97.318889
"105","AGC",40.3544,-79.9302
"106","AGN",57.503611,-134.585
"107","AGS",33.369944,-81.9645
"108","AHN",33.9486,-83.3263
"109","AIA",42.053333,-102.803889
"110","AIK",33.6493889,-81.6850278
"111","AIN",70.638056,-159.994722
"112","AIZ",38.096035,-92.5494875
"113","AKB",52.220278,-174.206389
"114","AKC",41.0375,-81.466917
"115","AKI",60.902778,-161.230556
"116","AKK",56.938611,-154.1825
"117","AKN",58.676778,-156.649278
"118","AKP",68.1336,-151.743
"119","ALB",42.748267,-73.801692
"120","ALI",27.740889,-98.026944
"121","ALM",32.8399,-105.991
"122","ALO",42.5571,-92.4003
"123","ALS",37.435,-105.866667
"124","ALW",46.0949,-118.288
"125","ALX",38.806346,-77.0621
"126","ALZ",56.899444,-154.247778
"127","AMA",35.219369,-101.705931
"128","ANB",33.588167,-85.858111
"129","ANC",61.174361,-149.996361
"130","AND",34.494583,-82.709389
"131","ANI",61.5816,-159.543
"132","ANN",55.042436,-131.572233
"133","ANP",38.942778,-76.568333
"134","ANQ",41.6396983,-85.0834933
"135","ANV",62.6467,-160.191
"136","AOH",40.707478,-84.0270781
"137","AOO",40.296372,-78.320022
"138","AOS",57.471389,-153.815278
"139","APA",39.570129,-104.849294
"140","APC",38.2131944,-122.2806944
"141","APF",26.152619,-81.775294
"142","APG",39.466219,-76.168808
"143","APN",45.0781,-83.5603
"144","AQC",55.554658,-133.101693
"145","ARA",30.037758,-91.883896
"146","ARB",42.132274,-83.444418
"147","ARC",68.1147,-145.579
"148","ART",43.991922,-76.021739
"149","ARV",45.927778,-89.730833
"150","ASE",39.2232,-106.869
"151","ASH",42.78175,-71.5147778
"152","AST",46.157972,-123.878694
"153","ATK",70.4673,-157.436
"154","ATL",33.636719,-84.428067
"155","ATT",30.31666,-97.7666
"156","ATW",44.257526,-88.507576
"157","ATY",44.914,-97.1547
"158","AUG",44.320647,-69.797317
"159","AUK",62.68,-164.66
"160","AUO",32.3691,-85.2604
"161","AUS",30.194528,-97.669889
"162","AUW",44.9262845,-89.6270018
"163","AVL",35.436194,-82.541806
"164","AVO",27.591389,-81.528889
"165","AVP",41.338478,-75.723403
"166","AVW",32.409556,-111.218388
"167","AVX",33.405,-118.415833
"168","AZA",33.307833,-111.655
"169","AZO",42.234875,-85.552058
"170","BAB",39.136089,-121.436567
"171","BAD",32.50182,-93.662674
"172","BAF",42.1579472,-72.715875
"173","BBX",40.1375,-75.265
"174","BCE",37.706444,-112.145806
"175","BCT",26.3785,-80.107694
"176","BDE",48.728444,-94.612222
"177","BDL",41.938889,-72.683222
"178","BDR",41.163472,-73.126167
"179","BEC",37.6939167,-97.2149167
"180","BED",42.469953,-71.289031
"181","BEH",42.1285833,-86.4285
"182","BET",60.779778,-161.838
"183","BFD",41.8031,-78.6401
"184","BFF",41.874,-103.596
"185","BFI",47.53,-122.301947
"186","BFL",35.433598,-119.05677
"187","BFM",30.626783,-88.068092
"188","BFP",40.7724722,-80.3914444
"189","BFT",32.477411,-80.723161
"190","BGE",30.9715981,-84.6369278
"191","BGM",42.208689,-75.979839
"192","BGR",44.807444,-68.828139
"193","BHB",44.4497689,-68.3615653
"194","BHM",33.562942,-86.75355
"195","BID",41.168056,-71.577778
"196","BIF",31.849528,-106.380039
"197","BIG",63.994547,-145.721642
"198","BIL",45.80921,-108.537654
"199","BIS",46.775842,-100.757931
"200","BIV",42.7427778,-86.1078333
"201","BIX",30.410425,-88.924433
"202","BJC",39.90888888,-105.11722222
"203","BJI",47.510722,-94.934722
"204","BKC",65.981667,-161.149167
"205","BKD",32.719047,-98.891
"206","BKF",39.701668,-104.75166
"207","BKG",36.531994,-93.200556
"208","BKH",22.022833,-159.785
"209","BKL",41.5175,-81.683333
"210","BKW",37.7873,-81.1242
"211","BKX",44.3048,-96.8169
"212","BLD",35.5651,-114.514
"213","BLF",37.2958,-81.2077
"214","BLH",33.619167,-114.716889
"215","BLI",48.792694,-122.537528
"216","BLV",38.545178,-89.835183
"217","BMC",41.552,-112.062
"218","BMG",39.1460208,-86.6166805
"219","BMI",40.477111,-88.915917
"220","BMT",30.0702044,-94.2150967
"221","BMX",59.361247,-155.258822
"222","BNA",36.124472,-86.678194
"223","BOI",43.564361,-116.222861
"224","BOS",42.364347,-71.005181
"225","BOW",27.9434,-81.7834
"226","BPT",29.950833,-94.020694
"227","BQK",31.2588,-81.4665
"228","BRD",46.398308,-94.138078
"229","BRL",40.7832,-91.1255
"230","BRO",25.906833,-97.425861
"231","BRW",71.285446,-156.766003
"232","BSF",19.760056,-155.553717
"233","BTI",70.133989,-143.581867
"234","BTM",45.954806,-112.497472
"235","BTR",30.533167,-91.149639
"236","BTT",66.913944,-151.529056
"237","BTV",44.471861,-73.153278
"238","BUF",42.940525,-78.732167
"239","BUR",34.200667,-118.358667
"240","BUU",42.6907171,-88.3046825
"241","BUY",36.0485433,-79.4748892
"242","BVY",42.584141,-70.9161444
"243","BWD",31.7936111,-98.9565
"244","BWG",36.9645278,-86.4196667
"245","BWI",39.175361,-76.668333
"246","BXK",33.420417,-112.68618
"247","BXS",33.2590278,-116.3209722
"248","BYH",35.964347,-89.943956
"249","BYS",35.280531,-116.630031
"250","BYW",48.56025,-122.80243
"251","BZN",45.777643,-111.160151
"252","C02",42.6149167,-88.3895833
"253","C16",40.144979,-88.200197
"254","C47",43.5603136,-89.4828607
"255","C65",41.3651307,-86.3002574
"256","C89",42.70325,-87.9589722
"257","C91",41.9929342,-86.1280125
"258","CAE",33.938833,-81.119528
"259","CAK",40.9160833,-81.4421944
"260","CAR",46.8715,-68.017917
"261","CBE",39.615278,-78.760556
"262","CBM",33.643833,-88.443833
"263","CCO",33.3115656,-84.7697554
"264","CCR",37.9896667,-122.0568889
"265","CDB",55.206061,-162.725436
"266","CDC",37.700967,-113.098847
"267","CDI",39.9750278,-81.5775833
"268","CDK",29.1342222,-83.0504722
"269","CDN",34.2835833,-80.5648611
"270","CDR",42.8375,-103.095556
"271","CDS",34.433781,-100.287992
"272","CDV",60.491778,-145.477556
"273","CDW",40.8752222,-74.2813611
"274","CEC",41.7802,-124.237
"275","CEF",42.194014,-72.534783
"276","CEM",65.573889,-144.780833
"277","CEU",34.6722222,-82.8858889
"278","CEW",30.778833,-86.522111
"279","CEZ",37.303,-108.628056
"280","CFD",30.715694,-96.331361
"281","CGA",55.478889,-133.147778
"282","CGC",28.8676111,-82.5741111
"283","CGF",41.565124,-81.4863555
"284","CGI",37.2253,-89.5708
"285","CGX",41.860278,-87.609722
"286","CGZ",32.954889,-111.766832
"287","CHA",35.035278,-85.203808
"288","CHI",41.883611,-87.631667
"289","CHO",38.138639,-78.452861
"290","CHS",32.898647,-80.040528
"291","CHU",61.579167,-159.215556
"292","CIC",39.795383,-121.858422
"293","CID",41.884694,-91.710806
"294","CIK",66.645,-143.74
"295","CIL",64.897778,-163.703333
"296","CIU",46.2508,-84.4724
"297","CKB",39.2966,-80.2281
"298","CKD",61.867778,-158.135
"299","CKF",31.9888333,-83.7739167
"300","CKV",36.621944,-87.415
"301","CLC",29.5569,-95.137497
"302","CLD",33.0742,-117.1648
"303","CLE",41.411689,-81.849794
"304","CLL",30.588583,-96.363833
"305","CLM",48.1202,-123.5
"306","CLS",46.4062,-122.5897
"307","CLT",35.214,-80.943139
"308","CLW",27.9764722,-82.7586667
"309","CMH",39.997972,-82.891889
"310","CMI",40.03925,-88.278056
"311","CMX",47.1684,-88.4891
"312","CNM",32.337472,-104.263278
"313","CNW",31.637831,-97.074139
"314","CNY",38.755,-109.754722
"315","COD",44.520194,-109.023806
"316","COE",47.7743056,-116.8195833
"317","COF",28.234922,-80.610125
"318","COI",28.3416111,-80.6854722
"319","CON",43.20267,-71.50233
"320","COS",38.805805,-104.700778
"321","COT",28.456694,-99.220294
"322","COU",38.818094,-92.219631
"323","CPR",42.908,-106.464417
"324","CPS",38.5707244,-90.1562211
"325","CRE",33.81175,-78.7239444
"326","CRP",27.770361,-97.501222
"327","CRW",38.373147,-81.593189
"328","CSG",32.5163333,-84.9388611
"329","CTB",48.608353,-112.376144
"330","CTH",39.9789,-75.8654
"331","CTJ",33.6316964,-85.1522641
"332","CTY",29.6355278,-83.10475
"333","CVG",39.048836,-84.667822
"334","CVN",34.425139,-103.079278
"335","CVO",44.5067,-123.2915
"336","CVS",34.382775,-103.322147
"337","CVX",45.3047778,-85.2753333
"338","CWA",44.772726,-89.646635
"339","CWI",41.83075,-90.3289722
"340","CWT",34.256944,-118.598889
"341","CXF",67.251389,-150.176111
"342","CXL",32.669502,-115.51333
"343","CXO",30.351833,-95.414467
"344","CXY",40.2171389,-76.8513611
"345","CYF",60.149167,-164.285556
"346","CYM",57.515,-134.946111
"347","CYS",41.155722,-104.811839
"348","CYT",60.081901,-142.493611
"349","CZF",61.780297,-166.038747
"350","CZG",42.0471,-76.0578
"351","CZN",62.071111,-142.048333
"352","DAB",29.179917,-81.058056
"353","DAL",32.847111,-96.851778
"354","DAW",43.2840556,-70.9292778
"355","DAY",39.902375,-84.219375
"356","DBN",32.3388,-82.591
"357","DBQ",42.402,-90.709472
"358","DCA",38.852083,-77.037722
"359","DDC",37.7634,-99.9656
"360","DEC",39.834564,-88.865689
"361","DEN",39.861656,-104.673178
"362","DET",42.409195,-83.009861
"363","DFW",32.896828,-97.037997
"364","DGL",31.3426028,-109.5064544
"365","DHB",48.618397,-123.00596
"366","DHN",31.321339,-85.449628
"367","DHT",36.022586,-102.547278
"368","DIK",46.7975,-102.801944
"369","DKB",41.9338342,-88.7056864
"370","DKK",42.4933353,-79.2720417
"371","DKX",35.9638333,-83.8736667
"372","DLF",29.359486,-100.777975
"373","DLG",59.044667,-158.5055
"374","DLH",46.842091,-92.193649
"375","DLL",43.5217843,-89.7709266
"376","DMA",32.166467,-110.883144
"377","DNL",33.4665028,-82.0393808
"378","DNN",34.7229444,-84.87025
"379","DNV",40.1996944,-87.5955278
"380","DOV",39.129539,-75.465958
"381","DPA",41.907778,-88.248611
"382","DQH",31.4767385,-82.8605664
"383","DRG",66.0696,-162.766
"384","DRI",30.831722,-93.339917
"385","DRM",46.0093114,-83.7439342
"386","DRO",37.151516,-107.75377
"387","DRT",29.374208,-100.927158
"388","DSM",41.533972,-93.663083
"389","DTA",39.3806386,-112.5077147
"390","DTS",30.4000611,-86.4714772
"391","DTW",42.212444,-83.353389
"392","DUC",34.4713056,-97.9598611
"393","DUG",31.469028,-109.603667
"394","DUJ",41.1783,-78.8987
"395","DUT",53.900139,-166.5435
"396","DVL",48.114444,-98.908611
"397","DVT",33.4117,112.457
"398","DWA",38.5793889,-121.8569444
"399","DWH",30.063746,-95.554276
"400","DWS",28.398,-81.57
"401","DXR",41.3715353,-73.4821906
"402","DYS",32.420756,-99.8546
"403","E25",33.96889877,-112.7990036
"404","E51",34.5958528,-113.170195
"405","E55",38.8016111,-123.5306389
"406","E63",32.960169,-112.673636
"407","E91",36.1108806,-109.5754222
"408","EAA",64.778056,-141.149722
"409","EAR",40.727,-99.0068
"410","EAT",47.398,-120.206
"411","EAU",44.8658,-91.4843
"412","ECA",44.311,-83.422
"413","ECG",36.260581,-76.174572
"414","ECP",30.3417,-85.7973
"415","EDF",61.250986,-149.806503
"416","EDW",34.905417,-117.883739
"417","EEK",60.213611,-162.043889
"418","EEN",72.270833,42.898333
"419","EET",33.1777778,-86.7832222
"420","EFD",29.607333,-95.15875
"421","EGA",39.6427611,-106.9159347
"422","EGE",39.642556,-106.917694
"423","EGT",37.39411,-97.423225
"424","EGV",45.932333,-89.268283
"425","EGX",58.185556,-157.375556
"426","EHM",58.646428,-162.062778
"427","EIL",64.665667,-147.1015
"428","EKI",41.719444,-86.003333
"429","EKN",38.889444,-79.857139
"430","EKO",40.8249,-115.792
"431","EKY",33.1876,-86.5558
"432","ELD",33.220972,-92.813278
"433","ELI",64.615,-162.270556
"434","ELM",42.159889,-76.891611
"435","ELP",31.80725,-106.377583
"436","ELV",58.195278,-136.3475
"437","ELY",39.299722,-114.841944
"438","EMK",62.786111,-164.490833
"439","EMP",38.3321,-96.1912
"440","ENA",60.573111,-151.245
"441","END",36.339167,-97.9165
"442","ENV",40.718694,-114.030889
"443","ENW",42.5956944,-87.9278056
"444","EOK",40.4599078,-91.4285011
"445","EPM",44.9101111,-67.0126944
"446","EQY",35.01833,-80.62001
"447","ERI",42.082022,-80.176217
"448","ERV",29.9766667,-99.0854722
"449","ERY",46.311199,-85.457298
"450","ESC",45.722778,-87.093611
"451","ESD",48.708056,-122.910556
"452","ESF",31.394903,-92.295772
"453","ESN",38.8041667,-76.069
"454","EUF",31.5708,-85.0774
"455","EUG",44.124583,-123.211972
"456","EVV",38.036997,-87.532364
"457","EVW",41.1649,-111.0208
"458","EWB",41.6761,-70.9569
"459","EWK",38.0570785,-97.2752278
"460","EWN",35.072972,-77.042944
"461","EWR",40.6925,-74.168667
"462","EXI",58.420556,-135.449167
"463","EYW",24.556111,-81.759556
"464","F57",28.0575,-81.7628056
"465","FAF",37.1325,-76.608841
"466","FAI",64.815114,-147.856267
"467","FAR",46.92065,-96.8157639
"468","FAT",36.776194,-119.71814
"469","FAY",34.9912,-78.8803
"470","FBG",38.298416,-77.456875
"471","FBK",64.8375,-147.614444
"472","FBR",41.236,-110.2436
"473","FBS",48.537222,-123.009722
"474","FCA",48.310472,-114.256
"475","FCM",44.4938,-93.2726
"476","FCS",38.678394,-104.756581
"477","FDW",34.315472,-81.108806
"478","FDY",41.0120278,-83.6686111
"479","FFA",36.02,-75.67
"480","FFC",33.35725,-84.5718333
"481","FFO",39.826111,-84.048332
"482","FFT",38.1819722,-84.9061389
"483","FFZ",33.4608001708984,-111.727996826172
"484","FHU",31.588472,-110.344389
"485","FIT",42.5541111,-71.7589722
"486","FKL",41.377874,-79.860362
"487","FLD",43.7711667,-88.4884167
"488","FLG",35.140318,-111.6692392
"489","FLL",26.072583,-80.15275
"490","FLO",34.185361,-79.723889
"491","FLV",39.368332,-94.914686
"492","FME",39.085386,-76.759414
"493","FMH",41.658439,-70.521417
"494","FMN",36.74125,-108.229944
"495","FMY",26.586611,-81.86325
"496","FNL",40.451828,-105.011336
"497","FNR",58.254444,-134.897778
"498","FNT",42.965424,-83.743629
"499","FOD",42.5512,-94.191842
"500","FOE",38.950944,-95.663611
"501","FOK",40.843656,-72.631789
"502","FRD",48.521944,-123.024444
"503","FRI",39.055275,-96.764453
"504","FRN",61.266381,-149.653119
"505","FRP",27.497472,-80.372638
"506","FSD",43.582014,-96.741914
"507","FSI",34.649833,-98.402167
"508","FSM",35.336583,-94.367444
"509","FST",30.915667,-102.916139
"510","FTK",37.907058,-85.972106
"511","FTW",32.819778,-97.362444
"512","FTY",33.7791,-84.5214
"513","FUL",33.521925,-117.584722
"514","FWA",40.978472,-85.195139
"515","FXE",26.197281,-80.170706
"516","FYU",66.571492,-145.250417
"517","FYV",36.005094,-94.170059
"518","FZG",31.6839046,-83.2709036
"519","FZI",41.1908333,-83.3930833
"520","GAD",33.9726489,-86.0890834
"521","GAI",39.1006,-77.09576
"522","GAL",64.736178,-156.937417
"523","GAM",63.7668,-171.733
"524","GBN",38.344167,-98.859167
"525","GCC",44.3489167,-105.5393611
"526","GCK",37.927528,-100.724417
"527","GCN",35.9523611,-112.1469722
"528","GCW",35.5925,-113.4859
"529","GDV",47.138611,-104.807222
"530","GDW",43.9705893,-84.47502
"531","GED",38.689194,-75.358889
"532","GEG",47.619861,-117.533833
"533","GEU",33.5269167,-112.2951389
"534","GFK",47.949256,-97.176111
"535","GFL",43.341222,-73.610305
"536","GGE",33.3114018,-79.3203139
"537","GGG",32.384014,-94.711486
"538","GGW",48.2125,-106.615
"539","GHG",42.09825,-70.6721389
"540","GIF",28.062778,-81.753333
"541","GJT",39.122413,-108.526735
"542","GKN",62.154888,-145.456639
"543","GKY",32.6638611,-97.0942778
"544","GLD",39.370621,-101.698992
"545","GLH",33.4829,-90.9856
"546","GLS",29.265322,-94.860406
"547","GLV",64.550556,-163.007222
"548","GNT",35.167286,-107.901989
"549","GNU",59.1175,-161.5775
"550","GNV",29.690056,-82.271778
"551","GON",41.330056,-72.045139
"552","GPT",30.407278,-89.070111
"553","GPZ",47.211111,-93.509722
"554","GQQ",40.7533889,-82.7238056
"555","GRB",44.485072,-88.129589
"556","GRF",47.079217,-122.580783
"557","GRI",40.9675,-98.3096
"558","GRK",31.06725,-97.828917
"559","GRM",47.8383333,-90.3829444
"560","GRR",42.880833,-85.522806
"561","GSB",35.339383,-77.960589
"562","GSO",36.09775,-79.937306
"563","GSP",34.895556,-82.218889
"564","GST",58.4253,-135.707
"565","GTB",44.055619,-75.719458
"566","GTF",47.482,-111.370689
"567","GTR",33.450333,-88.591361
"568","GTU",30.678809,-97.6793837
"569","GUC",38.533889,-106.933056
"570","GUP",35.511058,-108.789308
"571","GUS",40.648094,-86.152119
"572","GVL",34.272627,-83.8302233
"573","GVQ",43.03175,-78.1696667
"574","GVT",33.067839,-96.065333
"575","GWO",33.494328,-90.084706
"576","GYY",41.6163,-87.4128
"577","HBG",31.2649444,-89.2528889
"578","HBR",34.991308,-99.051353
"579","HCC",42.2913,-73.7103
"580","HCR",62.1883,-159.775
"581","HDH",21.579475,-158.197281
"582","HDI",35.2199994,-84.832369
"583","HDN",40.481181,-107.21766
"584","HDO",29.3591,-99.1775
"585","HFD",41.736722,-72.649444
"586","HGR",39.7079,-77.7295
"587","HHH",32.216,-80.752
"588","HHI",21.4835,-158.039667
"589","HHR",33.922839,-118.335186
"590","HIB",47.3866,-92.838994
"591","HIF",41.123939,-111.973039
"592","HII",34.5711111,-114.3582778
"593","HIO",45.540394,-122.949825
"594","HKB",63.8675,-148.968889
"595","HKY",35.741147,-81.38955
"596","HLG",40.175,-80.6463
"597","HLN",46.606806,-111.98275
"598","HLR",31.138731,-97.714469
"599","HMN",32.852519,-106.106525
"600","HNH",58.096111,-135.409722
"601","HNL",21.318681,-157.922428
"602","HNM",20.795636,-156.014439
"603","HNS",59.2438,-135.524
"604","HOB",32.687528,-103.217028
"605","HOM",59.645556,-151.476583
"606","HON",44.3852,-98.228542
"607","HOP",36.668567,-87.496183
"608","HOT",34.478,-93.0962
"609","HOU",29.645419,-95.278889
"610","HPB",61.5239,-166.147
"611","HPN",41.066959,-73.707575
"612","HQM",46.9711944,-123.9365556
"613","HQU",33.5297315,-82.5169509
"614","HRL",26.2285,-97.654389
"615","HRO",36.261519,-93.154728
"616","HRT",30.427803,-86.689278
"617","HSH",35.972778,-115.134444
"618","HSL",65.697778,-156.351389
"619","HST",25.48855,-80.383567
"620","HSV",34.6371944,-86.7750556
"621","HTL",44.359806,-84.671112
"622","HTS",38.3667,-82.558
"623","HUA",34.678653,-86.684781
"624","HUF",39.451464,-87.307561
"625","HUL",46.123083,-67.792056
"626","HUS",66.039167,-154.264722
"627","HUT",38.0655,-97.8606
"628","HVN",41.26375,-72.886806
"629","HVR",48.542983,-109.762342
"630","HWD",37.6588888888889,-122.121666666667
"631","HWO",26.001222,-80.240722
"632","HXD",32.2243611,-80.6974722
"633","HYA",41.669336,-70.280356
"634","HYG",55.206389,-132.828333
"635","HYL",55.481667,-132.646111
"636","HYS",38.8422,-99.2732
"637","HZL",40.989167,-76.0025
"638","IAB",37.621853,-97.268192
"639","IAD",38.944533,-77.455811
"640","IAG",43.107333,-78.946194
"641","IAH",29.984433,-95.341442
"642","IAN",66.975833,-160.436667
"643","ICT",37.649944,-97.433056
"644","ICY",59.968889,-141.661667
"645","IDA",43.514556,-112.07075
"646","IDL",40.639751,-73.778924
"647","IFP",35.1574,-114.56
"648","IGG",59.324,-155.902
"649","IGM",35.2595,-113.938
"650","IGQ",41.5349167,-87.5295278
"651","IJD",41.7440278,-72.1802222
"652","IKK",41.071389,-87.846278
"653","IKO",52.941667,-168.848889
"654","IKR",35.040222,-106.609194
"655","IKV",41.691389,-93.566389
"656","ILG",39.678722,-75.606528
"657","ILI",59.754356,-154.910961
"658","ILM",34.270615,-77.902569
"659","ILN",39.42792,-83.792118
"660","IMM",26.433889,-81.401389
"661","IMT",45.8183611,-88.1145556
"662","IND",39.717331,-86.294383
"663","INJ",32.083486,-97.097228
"664","INK",31.779628,-103.201361
"665","INL",48.566186,-93.403067
"666","INS",36.587183,-115.673353
"667","INT",36.133722,-80.222
"668","INW",35.0219167,-110.7225278
"669","IOW",41.639244,-91.546503
"670","IPL",32.834219,-115.578744
"671","IPT",41.241836,-76.921094
"672","IRC",65.827778,-144.076111
"673","IRK",40.0935,-92.5449
"674","ISM",28.289806,-81.437083
"675","ISN",48.177939,-103.642347
"676","ISO",35.331389,-77.608889
"677","ISP",40.79525,-73.100222
"678","ISW",44.3606456,-89.8381412
"679","ITH",42.491028,-76.458444
"680","ITO",19.721375,-155.048469
"681","IWD",46.5274747,-90.1313967
"682","IWS",29.818194,-95.672611
"683","IYK",35.658889,-117.829444
"684","IZG",43.9911389,-70.9478889
"685","JAC",43.607333333,-110.73775
"686","JAN",32.311167,-90.075889
"687","JAX",30.494056,-81.687861
"688","JBR",35.831708,-90.646417
"689","JCI",38.8309167,-94.8903056
"690","JEF",38.5912,-92.1561
"691","JES",31.553889,-81.8825
"692","JFK",40.639751,-73.778925
"693","JGC",35.96666666,-112.13333333
"694","JHM",20.962936,-156.673031
"695","JHW",42.153333,-79.258056
"696","JKA",30.2896389,-87.6717778
"697","JLN",37.151814,-94.498269
"698","JMS",46.9297,-98.6782
"699","JNU",58.354972,-134.576278
"700","JOT",41.517778,-88.175556
"701","JRA",40.7545,-74.0071
"702","JRB",40.701214,-74.009028
"703","JST",40.316111,-78.833889
"704","JVL",42.62025,-89.0415556
"705","JXN",42.260556,-84.460556
"706","JYL",32.6452778,-81.5971111
"707","JYO",39.078,-77.558
"708","JZP",34.4534722,-84.4572222
"709","K03",70.613378,-159.86035
"710","K27",42.893133,-73.66845
"711","K83",39.5425,-95.4677
"712","KAE",56.973056,-133.945556
"713","KAL",64.3191,-158.741
"714","KBC",66.256708,-145.815319
"715","KBW",56.295556,-158.401398
"716","KCC",56.014722,-132.833889
"717","KCL",56.311111,-158.534167
"718","KCQ",56.255,-158.775278
"719","KEH",47.7548,-122.259
"720","KEK",59.356944,-157.471111
"721","KFP",54.8475,-163.410278
"722","KGK",59.726667,-157.259444
"723","KGX",62.894444,-160.065
"724","KKA",64.939444,-161.154167
"725","KKB",58.190833,-152.370556
"726","KKH",59.960833,-162.881111
"727","KLG",61.5363,-160.341
"728","KLL",59.128056,-156.858611
"729","KLN",57.535,-153.976667
"730","KLS",46.118,-122.898389
"731","KLW",55.579167,-133.076111
"732","KMO",58.990278,-159.05
"733","KMY",57.025556,-154.145833
"734","KNW",59.4499,-157.328
"735","KOA",19.738767,-156.045631
"736","KOT",63.030556,-163.532778
"737","KOY",57.161389,-154.229722
"738","KOZ",57.922876,-152.500511
"739","KPB",56.351944,-133.6225
"740","KPC",65.2537,-166.859
"741","KPN",59.933056,-164.030556
"742","KPR",58.49,-152.582222
"743","KPV",55.906667,-159.160833
"744","KPY",57.93,-153.040556
"745","KQA",54.1325,-165.785
"746","KSM",62.0605,-163.302
"747","KTB",55.688056,-132.536667
"748","KTN",55.355556,-131.71375
"749","KTS",65.331389,-166.465833
"750","KUK",60.873333,-162.524444
"751","KVC",55.1163,-162.266
"752","KVL",67.7362,-164.563
"753","KWK",59.876389,-163.168611
"754","KWN",59.755,-161.845278
"755","KWP",57.77,-153.548889
"756","KWT",60.790278,-161.443611
"757","KYK",57.566944,-154.450278
"758","KYU",64.875833,-157.730556
"759","KZB",57.55,-153.75
"760","L06",36.273,-116.515
"761","L35",34.2637778,-116.8560278
"762","L52",35.10147222,-120.62236111
"763","LAA",38.069694,-102.6885
"764","LAF",40.4123056,-86.9368889
"765","LAL",27.9889167,-82.0185556
"766","LAM",35.8798019,-106.2694153
"767","LAN",42.7787,-84.587357
"768","LAR",41.3121,-105.675
"769","LAS",36.080056,-115.15225
"770","LAW",34.5677144,-98.4166367
"771","LAX",33.942536,-118.408075
"772","LBB",33.663639,-101.822778
"773","LBE",40.2759,-79.4048
"774","LBF",41.1262,-100.684
"775","LBL",37.044222,-100.95986
"776","LBT",34.6098056,-79.0595556
"777","LCH",30.126112,-93.223335
"778","LCK",39.813786,-82.927822
"779","LCQ",30.181944,-82.576944
"780","LDJ",40.6174472,-74.2445942
"781","LEB",43.6261,-72.3042
"782","LEW",44.0484728,-70.2835075
"783","LEX",38.0365,-84.605889
"784","LFI",37.082881,-76.360547
"785","LFK",31.234014,-94.75
"786","LFT",30.205278,-91.987611
"787","LGA",40.777245,-73.872608
"788","LGB",33.817722,-118.151611
"789","LGC",33.0088611,-85.0726111
"790","LGU",41.791,-111.852
"791","LHD",61.1866382,-149.9653918
"792","LHM",38.9091667,-121.3513333
"793","LHV",41.1357778,-77.4223056
"794","LHX",38.049719,-103.509431
"795","LIH",21.975983,-159.338958
"796","LIT",34.729444,-92.224306
"797","LIV",65.531111,-148.541111
"798","LKE",47.629,-122.339
"799","LKK",58.96591,-155.108089
"800","LKP",44.264444,-73.961944
"801","LMT",42.1561,-121.733
"802","LNA",26.593,-80.085056
"803","LNK",40.850971,-96.75925
"804","LNN",41.6840278,-81.38975
"805","LNR",43.211667,-90.181667
"806","LNS",40.1217,-76.2961
"807","LNY",20.785611,-156.951419
"808","LOT",41.606326,-88.083003
"809","LOU",38.228,-85.663722
"810","LOZ",37.0868889,-84.0773889
"811","LPC",34.6656,-120.4675
"812","LPR",41.3442778,-82.1776389
"813","LPS",48.4839,-122.938
"814","LRD",27.54375,-99.461556
"815","LRF",34.916944,-92.149722
"816","LRO",32.5387,-79.4697
"817","LRU",32.289417,-106.921972
"818","LSE",43.878986,-91.256711
"819","LSF",32.337322,-84.991283
"820","LSV",36.236197,-115.034253
"821","LTS",34.667067,-99.266681
"822","LUF",33.535,-112.38306
"823","LUK",39.103333,-84.418611
"824","LUP",21.211,-156.974
"825","LUR",68.875133,-166.110022
"826","LVK",37.41362,-121.49133
"827","LVM",45.6993889,-110.4483056
"828","LVS",35.654222,-105.142389
"829","LWA",42.3511944,-86.2556389
"830","LWB",37.858333,-80.399444
"831","LWC",39.009167,-95.2175
"832","LWM",42.7171944,-71.1234167
"833","LWS",46.3745,-117.015389
"834","LWT",47.0493,-109.467
"835","LXY",31.6411783,-96.5144594
"836","LYH",37.3267,-79.2004
"837","LYU",47.824444,-91.830833
"838","LZU",33.9780761,-83.9623772
"839","M94",46.4124,-119.5518
"840","MAE",36.9886111,-120.1124444
"841","MAF",31.942528,-102.201914
"842","MBL",44.2725,-86.246944
"843","MBS",43.532913,-84.079647
"844","MCC",38.667639,-121.400611
"845","MCD",45.8649344,-84.637344
"846","MCE",37.284722,-120.513889
"847","MCF",27.849339,-82.521214
"848","MCG",62.9529,-155.606
"849","MCI",39.297606,-94.713905
"850","MCK",40.206389,-100.592222
"851","MCL",63.732757,-148.91129
"852","MCN",32.69285,-83.649211
"853","MCO",28.429394,-81.308994
"854","MCW",43.2247,-93.4067
"855","MDT",40.193494,-76.763403
"856","MDW",41.785972,-87.752417
"857","ME5",44.1653889,-68.4281667
"858","MEI",32.332624,-88.751868
"859","MEM",35.042417,-89.976667
"860","MER",37.380481,-120.568189
"861","MFD",40.8214167,-82.5166389
"862","MFE",26.175833,-98.238611
"863","MFI",44.6368797,-90.1893267
"864","MFR",42.374228,-122.8735
"865","MGC",41.7033,-86.8211
"866","MGE",33.915382,-84.516319
"867","MGJ",41.5099884,-74.2646444
"868","MGM",32.3006389,-86.3939722
"869","MGR",31.0849167,-83.80325
"870","MGW",39.642908,-79.916314
"871","MGY",39.5889722,-84.2248611
"872","MHK",39.140972,-96.670833
"873","MHM",63.886111,-152.301944
"874","MHR",38.553897,-121.297592
"875","MHT",42.932556,-71.435667
"876","MHV",35.059364,-118.151856
"877","MIA",25.79325,-80.290556
"878","MIB",48.415572,-101.357661
"879","MIC",45.0343,-93.2114
"880","MIE",40.2424722,-85.39575
"881","MIV",39.367806,-75.072222
"882","MKC",39.1275,-94.598889
"883","MKE",42.947222,-87.896583
"884","MKG",43.1695,-86.2382
"885","MKK",21.152886,-157.096256
"886","MKL",35.599889,-88.915611
"887","MKO",35.656489,-95.366656
"888","MLB",28.102753,-80.645258
"889","MLC",34.882403,-95.783463
"890","MLD",42.17,-112.289
"891","MLI",41.448528,-90.507539
"892","MLJ",33.154225,-83.2414139
"893","MLL",61.8646418,-162.026111
"894","MLS",46.428,-105.886
"895","MLT",45.647836,-68.685561
"896","MLU",32.510864,-92.037689
"897","MLY",64.9975,-150.644167
"898","MMH",37.624049,-118.837772
"899","MMI",35.39919,-84.56177
"900","MMU",40.79935,-74.4148747
"901","MMV",45.194444,-123.135944
"902","MNM",45.12665,-87.638443
"903","MNT",65.143611,-149.37
"904","MNZ",38.721389,-77.515556
"905","MOB",30.691231,-88.242814
"906","MOD",37.625817,-120.954422
"907","MOT",48.259378,-101.280333
"908","MOU",62.0954,-163.682
"909","MPB",25.7783,-80.1703
"910","MPI",37.3039,-120.0222
"911","MPV",44.203503,-72.562328
"912","MQB",40.5200833,-90.6523889
"913","MQI",35.5514,-75.4173
"914","MQT",46.353611,-87.395278
"915","MRB",39.2407,-77.591
"916","MRI",61.213544,-149.844447
"917","MRK",25.9950278,-81.6725278
"918","MRN",35.8202336,-81.6115119
"919","MRY",36.587,-121.842944
"920","MSL",34.7453,-87.6102
"921","MSN",43.139858,-89.337514
"922","MSO",46.916306,-114.090556
"923","MSP",44.881956,-93.221767
"924","MSS",44.935833,-74.845547
"925","MSY",29.993389,-90.258028
"926","MTC",42.608333,-82.8355
"927","MTH",24.726111,-81.051389
"928","MTJ",38.509794,-107.894242
"929","MTM",55.131111,-131.578056
"930","MTN",39.3256667,-76.4137778
"931","MUE",20.001328,-155.668108
"932","MUI",40.434811,-76.569411
"933","MUO",43.043603,-115.872431
"934","MVL",44.535,-72.614
"935","MVY",41.391667,-70.615278
"936","MWA",37.7549569,-89.0110936
"937","MWC",43.1103889,-88.0344167
"938","MWH",47.207708,-119.32019
"939","MWL",32.781606,-98.060175
"940","MWM",43.9134017,-95.1094083
"941","MXF",32.382944,-86.365778
"942","MXY",61.4370608,-142.90307372
"943","MYF",32.4759,117.759
"944","MYL",44.889722,-116.101389
"945","MYR",33.67975,-78.928333
"946","MYU",60.3714,-166.271
"947","MYV",39.0553,-121.3411
"948","MZJ",32.509722,-111.325278
"949","N53",41.0358717,-75.1606789
"950","N69",41.5769708,-73.7323514
"951","N87",40.2139444,-74.6017778
"952","NBG",29.825333,-90.035
"953","NBU",42.090556,-87.8225
"954","NCN",60.077222,-147.991944
"955","NEL",40.033333,-74.353333
"956","NEW",30.0424167,-90.02825
"957","NFL",39.416584,-118.70098
"958","NGF",21.450453,-157.768
"959","NGP",27.692701,-97.290376
"960","NGU",36.937644,-76.289289
"961","NGZ",37.7861,-122.3186
"962","NHK",38.285981,-76.411781
"963","NIB",63.010833,-154.383889
"964","NID",35.685422,-117.692039
"965","NIP",30.235834,-81.680556
"966","NJK",32.829222,-115.671667
"967","NKT",34.900872,-76.880733
"968","NKX",32.867694,-117.14175
"969","NLC",36.333012,-119.95208
"970","NLG",56.0075,-161.160278
"971","NME",60.471111,-164.700833
"972","NMM",32.552083,-88.555557
"973","NNL",59.966944,-154.851667
"974","NOW",48.141481,-123.414075
"975","NPA",30.352656,-87.318647
"976","NPZ",41.4539722,-87.0070833
"977","NQA",35.356667,-89.870278
"978","NQI",27.507223,-97.809723
"979","NQX",24.575834,-81.688889
"980","NSE",30.724167,-87.021944
"981","NTD",34.120285,-119.12094
"982","NTU",36.820703,-76.033542
"983","NUI",70.21,-151.005556
"984","NUL",64.729444,-158.074167
"985","NUP",60.905833,-162.439167
"986","NUQ",37.416142,-122.049139
"987","NUW",48.351803,-122.655906
"988","NXP",34.296161,-116.162203
"989","NXX",40.199833,-75.148167
"990","NY9",43.9750617,-74.42044
"991","NYC",40.714167,-74.005833
"992","NYG",38.501683,-77.305333
"993","NZC",30.2187,-81.8767
"994","NZJ",33.676132,-117.731164
"995","NZY",32.699219,-117.21531
"996","O03",40.1570414,-75.8704892
"997","O27",37.7563333,-120.8001944
"998","OAJ",34.829164,-77.612139
"999","OAK",37.721278,-122.220722
"1000","OAR",36.681878,-121.762347
"1001","OBE",27.265833,-80.851111
"1002","OBU",66.912222,-156.897222
"1003","OCA",25.325393,-80.274775
"1004","OCF",29.1725,-82.224167
"1005","OEB",41.9335691,-85.0522935
"1006","OFF",41.118332,-95.912511
"1007","OGG",20.89865,-156.430458
"1008","OGS",44.681854,-75.4655
"1009","OJC",38.5051,-94.4415
"1010","OKC",35.393089,-97.600733
"1011","OLF",48.094444,-105.575
"1012","OLH",57.218056,-153.269722
"1013","OLM",46.9694044,-122.9025447
"1014","OLS",31.417722,-110.84789
"1015","OLT",32.7552,-117.1995
"1016","OLV",34.876944,-89.783333
"1017","OMA",41.303167,-95.894069
"1018","OME",64.512203,-165.445247
"1019","OMN",29.1804,-81.06497
"1020","ONH",42.524722,-75.064444
"1021","ONP",44.580361,-124.057917
"1022","ONT",34.056,-117.601194
"1023","OOK",60.541389,-165.087222
"1024","OPF",25.907,-80.278389
"1025","OQN",39.5924,-75.3455
"1026","OQU",41.5971389,-71.4121389
"1027","ORD",41.978603,-87.904842
"1028","ORF",36.894611,-76.201222
"1029","ORH",42.2673,-71.8757
"1030","ORI",57.885278,-152.846111
"1031","ORL",28.545464,-81.332936
"1032","ORT",62.961334,-141.929136
"1033","ORV",66.8175,-161.022222
"1034","OSC",44.451558,-83.394053
"1035","OSH",44.024983,-88.551336
"1036","OSU",40.0798,-83.073
"1037","OTH",43.4171,-124.246
"1038","OTS",48.498889,-122.6625
"1039","OTZ",66.884678,-162.59855
"1040","OWB",37.7401,-87.1668
"1041","OWD",42.1905278,-71.1729444
"1042","OXC",41.4785556,-73.13525
"1043","OXD",39.5022607,-84.7843814
"1044","OXR",34.200833,-119.207222
"1045","OZA",30.735281,-101.202972
"1046","P08",32.9359016418457,-111.427001953125
"1047","P52",34.7299995422363,-112.035003662109
"1048","PAE",47.906342,-122.281564
"1049","PAH",37.0602875,-88.7729583
"1050","PAM",30.069567,-85.575417
"1051","PAO",37.4611111,-122.1150556
"1052","PAQ",61.594914,-149.088711
"1053","PBF",34.173142,-91.935597
"1054","PBG",44.650944,-73.468139
"1055","PBI",26.683161,-80.095589
"1056","PBV",56.578344,-169.661611
"1057","PBX",37.5617639,-82.5663889
"1058","PCW",41.5162703,-82.8694868
"1059","PCZ",44.33325,-89.0197778
"1060","PDB",59.782222,-154.1325
"1061","PDK",33.8756111,-84.3019722
"1062","PDT",45.695,-118.841389
"1063","PDX",45.588722,-122.5975
"1064","PEC",57.955278,-136.236389
"1065","PEQ",31.3823889,-103.5107222
"1066","PFN",30.212083,-85.682806
"1067","PGA",36.9261,-111.4483
"1068","PGD",26.919722,-81.990556
"1069","PGV",35.635278,-77.385278
"1070","PHD",40.4701667,-81.4199444
"1071","PHF",37.131894,-76.492989
"1072","PHK",26.789,-80.692
"1073","PHL",39.871944,-75.241139
"1074","PHN",42.910957,-82.528862
"1075","PHO",68.3488,-166.799
"1076","PHX",33.434278,-112.011583
"1077","PIA",40.664203,-89.693258
"1078","PIB",31.4671,-89.3371
"1079","PIE",27.910167,-82.687389
"1080","PIH",42.9098,-112.596
"1081","PIM",32.8406944,-84.8824444
"1082","PIP",57.585393,-157.571944
"1083","PIR",44.3827,-100.286
"1084","PIT",40.491467,-80.232872
"1085","PIZ",69.732875,-163.005342
"1086","PKB",39.3451039,-81.4392031
"1087","PLN",45.5709,-84.7967
"1088","PMB",48.942501,-97.240833
"1089","PMD",34.629391,-118.08456
"1090","PML",56.006111,-160.560833
"1091","PMP",26.2471389,-80.1110556
"1092","PNC",36.731958,-97.099781
"1093","PNE",40.081944,-75.010586
"1094","PNM",45.559868,-93.608217
"1095","PNS",30.473425,-87.186611
"1096","POB",35.170883,-79.014472
"1097","POC",34.0916667,-117.7817778
"1098","POE",31.044833,-93.191667
"1099","POF",36.77394444,-90.3248611
"1100","PPC",66.814167,-150.643611
"1101","PPV",56.328889,-133.61
"1102","PQI",46.688958,-68.044797
"1103","PQS",61.934444,-162.899444
"1104","PRC",34.654472,-112.419583
"1105","PRL",60.2083333,-147.8194444
"1106","PSC",46.2647,-119.119
"1107","PSG",56.801667,-132.945278
"1108","PSM",43.0779,-70.8233
"1109","PSP",33.829667,-116.506694
"1110","PSX",28.727508,-96.250958
"1111","PTA",60.208281,-154.306586
"1112","PTB",37.18375,-77.507388
"1113","PTH",56.9591,-158.633
"1114","PTK",42.667,-83.35
"1115","PTU",59.011356,-161.819664
"1116","PUB",38.289085,-104.496572
"1117","PUC",39.609722,-110.75278
"1118","PUW",46.743861,-117.109583
"1119","PVC",42.071945,-70.22139
"1120","PVD",41.732581,-71.420383
"1121","PVU",40.21805555,-111.72222222
"1122","PWK",42.1142897,-87.9015376
"1123","PWM",43.646161,-70.309281
"1124","PWT",47.490244,-122.764814
"1125","PYM",41.9090278,-70.7287778
"1126","PYP",34.0899167,-85.6100833
"1127","R49",48.7182058,-118.6564714
"1128","RAC",42.7605,-87.8152
"1129","RAL",33.951875,-117.445103
"1130","RAP",44.045278,-103.057222
"1131","RBD",32.680833,-96.868333
"1132","RBK",33.5741791,-117.1284732
"1133","RBM",34.850089,-92.300153
"1134","RBN",24.61667,-82.86667
"1135","RBY",64.7272,-155.47
"1136","RCA",44.145042,-103.103567
"1137","RCE",48.608056,-123.159722
"1138","RCZ",34.8913056,-79.7596111
"1139","RDD",40.509,-122.293389
"1140","RDG",40.3785,-75.9652
"1141","RDM",44.254066,-121.149964
"1142","RDR",47.961098,-97.401194
"1143","RDU",35.877639,-78.787472
"1144","RDV",61.788056,-157.350278
"1145","REI",34.08525,-117.146388
"1146","RFD",42.1953611,-89.0972222
"1147","RHI",45.6312,-89.4675
"1148","RIC",37.505167,-77.319667
"1149","RID",39.7561006,-84.8427175
"1150","RIF",38.7364361,-112.0989444
"1151","RIL",39.5263056,-107.7269444
"1152","RIR",33.988778,-117.409971
"1153","RIU",38.486778,-121.102778
"1154","RIV",33.880711,-117.259453
"1155","RIW",43.064167,-108.459722
"1156","RKD",44.0601111,-69.0992303
"1157","RKH",34.9878,-81.0572
"1158","RKP",28.0862222,-97.0436944
"1159","RKS",41.5942,-109.065
"1160","RME",43.2338,-75.407033
"1161","RMG",34.3507778,-85.1586667
"1162","RMP",65.507778,-150.140833
"1163","RMY",42.2511932,-84.9554443
"1164","RND",29.529675,-98.2789
"1165","RNM",33.0391667,-116.91525
"1166","RNO",39.499108,-119.768108
"1167","RNT",47.4931389,-122.21575
"1168","ROA",37.325472,-79.975417
"1169","ROC",43.118866,-77.672389
"1170","ROW",33.301556,-104.530556
"1171","RSH",61.775,-161.319444
"1172","RSJ",48.645556,-122.868056
"1173","RST",43.908283,-92.500014
"1174","RSW",26.536167,-81.755167
"1175","RUT",43.5294,-72.9496
"1176","RVS",36.0396111,-95.9846389
"1177","RWI",35.8563,-77.8919
"1178","RWL",41.8055975,-107.19994
"1179","RYY",34.0131569,-84.5970556
"1180","S30",44.3179,-122.5577
"1181","S40",46.128,-119.4773
"1182","S46",28.429977,-96.442859
"1183","SAA",41.4448594,-106.8235264
"1184","SAC",38.512524,-121.49347
"1185","SAD",32.8533333,-109.6350833
"1186","SAF",35.617108,-106.089422
"1187","SAN",32.733556,-117.189667
"1188","SAT",29.533694,-98.469778
"1189","SAV",32.127583,-81.202139
"1190","SBA",34.426211,-119.840372
"1191","SBD",34.0953521,-117.2348722
"1192","SBM",43.7696,-87.851402
"1193","SBN",41.708661,-86.31725
"1194","SBO",32.609139,-82.369944
"1195","SBP",35.2368,-120.642
"1196","SBS",40.51625,-106.8663056
"1197","SBY",38.340525,-75.510289
"1198","SCC",70.19475,-148.465167
"1199","SCE",40.849278,-77.848694
"1200","SCH",42.85245555,-73.928866666
"1201","SCK",37.894167,-121.238306
"1202","SCM",61.845278,-165.571389
"1203","SDC",43.2347904,-77.119444
"1204","SDF",38.1740858,-85.7364989
"1205","SDM",32.5722722,-116.9801611
"1206","SDP",55.315,-160.523
"1207","SDX",34.848628,-111.788472
"1208","SDY",47.706944,-104.1925
"1209","SEA",47.449,-122.309306
"1210","SEE",32.8262222,-116.9724444
"1211","SEF",27.456389,-81.342222
"1212","SEM",32.343947,-86.987803
"1213","SES",32.4404,-86.9522
"1214","SFB",28.777639,-81.237489
"1215","SFF",47.682819,-117.322558
"1216","SFM",43.39383,-70.708
"1217","SFO",37.618972,-122.374889
"1218","SFZ",41.920764,-71.491381
"1219","SGF",37.245667,-93.388639
"1220","SGH",39.8402778,-83.8401667
"1221","SGJ",29.95925,-81.3397222
"1222","SGR",29.62225,-95.6565278
"1223","SGU",37.090583,-113.593056
"1224","SGY",59.4601,-135.316
"1225","SHD",38.263889,-78.896389
"1226","SHG",66.888056,-157.1625
"1227","SHH",66.2496,-166.089
"1228","SHR",44.7692,-106.98
"1229","SHV",32.446629,-93.8256
"1230","SHX",62.692222,-159.569167
"1231","SIK",36.8988889,-89.56175
"1232","SIT",57.047138,-135.361611
"1233","SJC",37.3626,-121.929022
"1234","SJT",31.35775,-100.496306
"1235","SKA",47.615058,-117.655772
"1236","SKF",29.384228,-98.581108
"1237","SKK",64.371111,-161.223889
"1238","SKY",41.433361,-82.652333
"1239","SLC",40.788389,-111.977772
"1240","SLE",44.9095,-123.003
"1241","SLK",44.3853,-74.2062
"1242","SLN",38.791,-97.6522
"1243","SLQ",61.700566,-157.165833
"1244","SMD",41.143353,-85.152778
"1245","SME",37.053611,-84.615556
"1246","SMF",38.695417,-121.590778
"1247","SMK",63.49,-162.110278
"1248","SMN",45.123889,-113.881389
"1249","SMO",34.0158333,-118.4513056
"1250","SMX",34.8989,-120.457
"1251","SNA",33.675667,-117.868222
"1252","SNP",57.167333,-170.220444
"1253","SNY",41.10167,-102.985
"1254","SOP",35.2376111,-79.3887958
"1255","SOW",34.265556,-110.005556
"1256","SPB",45.771028,-122.861833
"1257","SPF",44.4811407,-103.7860053
"1258","SPG",27.765111,-82.626972
"1259","SPI",39.8441,-89.677889
"1260","SPS",33.988797,-98.491894
"1261","SPW",43.165527,-95.202805
"1262","SPZ",39.4030278,-119.2511944
"1263","SQL",37.511944,-122.249444
"1264","SRQ",27.395444,-82.554389
"1265","SRR",33.46285,-105.534751
"1266","SRV",61.7875,-156.591111
"1267","SSC",33.972719,-80.470564
"1268","SSI",31.1519722,-81.3910556
"1269","STC",45.546556,-94.059889
"1270","STE",44.5451356,-89.5302844
"1271","STG",56.577222,-169.663611
"1272","STJ",39.771944,-94.909706
"1273","STK",40.6153136,-103.2648454
"1274","STL",38.748697,-90.370028
"1275","STS",38.508978,-122.81288
"1276","SUA",27.1816996,-80.221294
"1277","SUE",44.8436667,-87.4215556
"1278","SUN",43.504444,-114.296194
"1279","SUS",38.662119,-90.652044
"1280","SUU",38.262692,-121.927464
"1281","SUX",42.402603,-96.384367
"1282","SVA",63.6864,-170.493
"1283","SVC",32.6365,-108.156
"1284","SVH",35.7649958,-80.9538958
"1285","SVN",32.01,-81.145683
"1286","SVW",61.097369,-155.574228
"1287","SWD",60.1269383,-149.4188122
"1288","SWF",41.504094,-74.104839
"1289","SXP",62.520556,-164.847778
"1290","SXQ",60.4749583,-151.0382389
"1291","SYA",52.712275,174.11362
"1292","SYB",58.166667,-152.5
"1293","SYR",43.111187,-76.106311
"1294","SZL",38.730306,-93.547864
"1295","TAL",65.179556,-152.075833
"1296","TAN",41.8744017,-71.0166453
"1297","TBN",37.741631,-92.140736
"1298","TCC",35.182777,-103.603186
"1299","TCL",33.220627,-87.611403
"1300","TCM",47.137678,-122.476475
"1301","TCS",33.236944,-107.27175
"1302","TCT",62.971944,-156.082778
"1303","TEB",40.850103,-74.060837
"1304","TEK",60.8725,-146.691111
"1305","TEX",37.953759,-107.90848
"1306","TIK",35.414739,-97.386633
"1307","TIW",47.267944,-122.57811
"1308","TIX",28.5148,-80.7992278
"1309","TKA",62.3205,-150.093694
"1310","TKE",57.779722,-135.218333
"1311","TKF",39.3200422,-120.1395628
"1312","TKI",33.1779444,-96.5905278
"1313","TLA",65.240278,-166.339444
"1314","TLH",30.396528,-84.350333
"1315","TLJ",62.894369,-155.976525
"1316","TLT",61.096944,-160.969444
"1317","TMA",31.4289814,-83.488545
"1318","TMB",25.647889,-80.432777
"1319","TNC",65.563056,-167.921667
"1320","TNK",60.575556,-165.271667
"1321","TNT",25.861806,-80.897
"1322","TNX",37.798836,-116.78075
"1323","TOA",33.803392,-118.339611
"1324","TOC",34.5928117,-83.2963717
"1325","TOG",59.0528,-160.397
"1326","TOL",41.586806,-83.807833
"1327","TOP",39.068657,-95.622482
"1328","TPA",27.975472,-82.53325
"1329","TPL",31.1525,-97.407778
"1330","TRI",36.4752222,-82.4074167
"1331","TRM",33.626666,-116.1596667
"1332","TSS",40.7425,-73.971944
"1333","TTD",45.54937,-122.401253
"1334","TTN",40.276692,-74.813469
"1335","TUL",36.198389,-95.888111
"1336","TUP",34.2681,-88.7699
"1337","TUS",32.116083,-110.941028
"1338","TVC",44.741445,-85.582235
"1339","TVF",48.065556,-96.185
"1340","TVI",30.9017921,-83.8811285
"1341","TVL",38.893889,-119.995278
"1342","TWA",59.074444,-160.275
"1343","TWD",48.0314,-122.4838
"1344","TWF",42.481803,-114.487733
"1345","TXK",33.453722,-93.991028
"1346","TYE",61.076667,-151.138056
"1347","TYR",32.354139,-95.402386
"1348","TYS",35.810972,-83.994028
"1349","TZR",39.901111,-83.136944
"1350","U76",43.1316111,-115.7305671
"1351","UCA",43.104167,-75.223333
"1352","UDD",33.7484375,-116.2748133
"1353","UDG",34.4493845,-79.8900608
"1354","UES",43.0410278,-88.2370556
"1355","UGN",42.422161,-87.867908
"1356","UIN",39.9427,-91.1946
"1357","UMP",39.935278,-86.045
"1358","UNK",63.888333,-160.798889
"1359","UPP",20.265256,-155.859989
"1360","UST",29.959167,-81.339722
"1361","UT3",37.8916547,-110.3840289
"1362","UTM",34.681,-90.3467
"1363","UTO",65.992794,-153.704289
"1364","UUK",70.330833,-149.5975
"1365","UUU",41.533056,-71.282222
"1366","UVA",29.215429,-99.748962
"1367","VAD",30.967833,-83.193
"1368","VAK",61.5338,-165.584
"1369","VAY",39.9428889,-74.84575
"1370","VBG",34.737333,-120.584306
"1371","VCT",28.8526,-96.9185
"1372","VCV",34.597453,-117.382997
"1373","VDF",28.0139772,-82.3452778
"1374","VDZ",61.133949,-146.248342
"1375","VEE",67.008611,-146.366389
"1376","VEL",40.440833,-109.51
"1377","VGT",36.2106944,-115.1944444
"1378","VIS",36.318611,-119.392778
"1379","VLD",30.7825,-83.2767
"1380","VNW",40.8638295,-84.606358
"1381","VNY",34.209811,-118.489972
"1382","VOK",43.938956,-90.253433
"1383","VPC",34.1231475,-84.8487067
"1384","VPS",30.48325,-86.5254
"1385","VRB",27.655556,-80.417944
"1386","VSF",43.343333,-72.517222
"1387","VYS",41.351944,-89.153056
"1388","W04",46.5995,-124.0854
"1389","W13",38.076944,-78.944167
"1390","WAA",65.6225,-168.095
"1391","WAL",37.940194,-75.466389
"1392","WAS",38.889444,-77.035278
"1393","WBB",63.515833,-162.278056
"1394","WBQ",66.362222,-147.406667
"1395","WBU",40.039444,-105.225833
"1396","WBW",41.2973074,-75.8522405
"1397","WDR",33.9828611,-83.6674167
"1398","WFB",55.344444,-131.663333
"1399","WFK",47.285556,-68.312778
"1400","WHD",55.903333,-130.006667
"1401","WHP",34.2593253,-118.4134331
"1402","WIH",45.6576,-120.9664
"1403","WKK",59.2826,-158.618
"1404","WKL",19.9136,-155.864
"1405","WLK",66.6,-159.985833
"1406","WMO",64.689167,-163.412778
"1407","WRB",32.640144,-83.59185
"1408","WRG",56.4843,-132.37
"1409","WRI",40.015556,-74.591667
"1410","WRL",43.9657,-107.951
"1411","WSD",32.341484,-106.40277
"1412","WSJ",57.730278,-153.320556
"1413","WSN",58.702222,-157.0025
"1414","WST",41.349722,-71.803333
"1415","WSX",48.617778,-122.952778
"1416","WTK",67.5661,-162.975
"1417","WTL",60.335278,-162.666944
"1418","WWD",39.008507,-74.908275
"1419","WWP",56.116389,-133.121667
"1420","WWT",60.939167,-164.641111
"1421","WYS",44.688333,-111.1175
"1422","X01",25.8488611,-81.3902778
"1423","X04",28.707222,-81.581667
"1424","X07",27.8938056,-81.6203889
"1425","X21",28.622552,-80.83541
"1426","X26",27.81325,-80.4955833
"1427","X39",28.221278,-82.374555
"1428","X49",27.9333581,-82.0439739
"1429","X59",27.9608611,-80.5583333
"1430","XFL",29.2821,-81.1212
"1431","XNA",36.2818694,-94.3068111
"1432","XZK",42.375,-72.511389
"1433","Y51",43.5793603,-90.8964742
"1434","Y72",43.9762222,-90.4806111
"1435","YAK",59.3012,-139.3937
"1436","YIP",42.237928,-83.530408
"1437","YKM",46.5682,-120.544
"1438","YKN",42.8711,-97.3969
"1439","YNG",41.260736,-80.679097
"1440","YUM",32.656578,-114.60598
"1441","Z84",64.301203,-149.120144
"1442","ZBP",39.307222,-76.615556
"1443","ZFV",39.9557,-75.182
"1444","ZPH",28.228056,-82.155833
"1445","ZRA",39.3665,-74.442
"1446","ZRD",37.5343,-77.42945
"1447","ZRP",40.734722,-74.164167
"1448","ZRT",41.76888,-72.6815
"1449","ZRZ",38.948,-76.8719
"1450","ZSF",42.106,-72.593054
"1451","ZSY",33.6228889,-111.9105278
"1452","ZTF",41.046937,-73.541493
"1453","ZTY",42.3478,-71.075
"1454","ZUN",35.083228,-108.791778
"1455","ZVE",41.298669,-72.925992
"1456","ZWI",39.736667,-75.551667
"1457","ZWU",38.89746,-77.00643
"1458","ZYP",40.7505,-73.9935
